city,year,no_stations
Agartala,2020,1.0
Agartala,2021,1.0
Agartala,2022,1.6685082872928176
Agartala,2023,1.2485380116959064
Agartala,2024,1.0
Agartala,2025,1.0
Agra,2015,0.9360730593607306
Agra,2016,1.0
Agra,2017,1.0
Agra,2018,1.0
Agra,2019,1.0
Agra,2020,1.0
Agra,2021,2.9825072886297375
Agra,2022,5.487671232876712
Agra,2023,5.8
Agra,2024,5.5710382513661205
Agra,2025,5.419141914191419
Ahmedabad,2015,0.903448275862069
Ahmedabad,2016,1.0
Ahmedabad,2017,1.0
Ahmedabad,2018,1.0
Ahmedabad,2019,1.0
Ahmedabad,2020,1.0
Ahmedabad,2021,4.82825484764543
Ahmedabad,2022,4.45983379501385
Ahmedabad,2023,7.038356164383561
Ahmedabad,2024,7.5109289617486334
Ahmedabad,2025,7.867986798679868
Ahmednagar,2024,1.0
Ahmednagar,2025,1.0
Aizawl,2020,1.0
Aizawl,2021,1.0
Aizawl,2022,1.0
Aizawl,2023,1.0
Aizawl,2024,1.0
Aizawl,2025,1.0
Ajmer,2017,1.0
Ajmer,2018,1.0
Ajmer,2019,1.0
Ajmer,2020,1.0
Ajmer,2021,1.0
Ajmer,2022,1.0
Ajmer,2023,1.0
Ajmer,2024,1.0
Ajmer,2025,1.0
Akola,2023,1.0
Akola,2024,1.0
Akola,2025,1.0
Alwar,2017,1.0
Alwar,2018,1.0
Alwar,2019,1.0
Alwar,2020,1.0
Alwar,2021,1.0
Alwar,2022,1.0
Alwar,2023,1.0
Alwar,2024,1.0
Alwar,2025,1.0
Amaravati,2017,1.0
Amaravati,2018,1.0
Amaravati,2019,1.0
Amaravati,2020,1.0
Amaravati,2021,1.0
Amaravati,2022,1.0
Amaravati,2023,1.0
Amaravati,2024,1.0
Amaravati,2025,1.0
Ambala,2019,1.0
Ambala,2020,1.0
Ambala,2021,1.0
Ambala,2022,1.0
Ambala,2023,1.0
Ambala,2024,1.0
Ambala,2025,1.0
Amravati,2023,1.9952380952380953
Amravati,2024,1.9534246575342467
Amravati,2025,1.9635761589403973
Amritsar,2017,1.0
Amritsar,2018,1.0
Amritsar,2019,1.0
Amritsar,2020,1.0
Amritsar,2021,1.0
Amritsar,2022,1.0
Amritsar,2023,1.0
Amritsar,2024,1.0
Amritsar,2025,1.0
Anantapur,2022,1.0
Anantapur,2023,1.0
Anantapur,2024,1.0
Anantapur,2025,1.0
Angul,2023,1.0
Angul,2024,1.0
Angul,2025,1.0
Ankleshwar,2019,1.0
Ankleshwar,2020,1.0
Ankleshwar,2021,1.0
Ankleshwar,2022,1.0
Ankleshwar,2023,1.0
Ankleshwar,2024,1.0
Ankleshwar,2025,1.0
Araria,2021,1.0
Araria,2022,1.0
Araria,2023,1.0
Araria,2024,1.0
Araria,2025,1.0
Ariyalur,2022,1.0
Ariyalur,2023,1.0
Ariyalur,2024,1.0
Ariyalur,2025,1.0
Arrah,2021,1.0
Arrah,2022,1.0
Arrah,2023,1.0
Arrah,2024,1.0
Arrah,2025,1.0
Asansol,2018,1.0
Asansol,2019,1.0
Asansol,2020,1.0
Asansol,2021,1.0
Asansol,2022,1.0
Asansol,2023,1.0
Asansol,2024,2.4644808743169397
Asansol,2025,3.8217821782178216
Aurangabad (Bihar),2022,1.0
Aurangabad (Bihar),2023,1.0
Aurangabad (Bihar),2024,1.0
Aurangabad (Bihar),2025,1.0
Aurangabad (Maharashtra),2016,1.0
Aurangabad (Maharashtra),2017,1.0
Aurangabad (Maharashtra),2018,1.0
Aurangabad (Maharashtra),2019,1.0
Aurangabad (Maharashtra),2020,1.0
Aurangabad (Maharashtra),2021,1.0
Aurangabad (Maharashtra),2022,1.0
Aurangabad (Maharashtra),2023,1.9215686274509804
Aurangabad (Maharashtra),2024,2.5534246575342467
Aurangabad (Maharashtra),2025,2.68976897689769
Baddi,2022,1.0
Baddi,2023,1.0
Baddi,2024,1.0
Baddi,2025,1.0
Badlapur,2023,1.0
Badlapur,2024,1.0
Badlapur,2025,1.0
Bagalkot,2020,1.0
Bagalkot,2021,1.0
Bagalkot,2022,1.0
Bagalkot,2023,1.0
Bagalkot,2024,1.0
Bagalkot,2025,1.0
Baghpat,2018,1.0
Baghpat,2019,1.0
Baghpat,2020,1.0
Baghpat,2021,1.0
Baghpat,2022,1.0
Baghpat,2023,1.0
Baghpat,2024,1.0
Baghpat,2025,1.0
Bahadurgarh,2019,1.0
Bahadurgarh,2020,1.0
Bahadurgarh,2021,1.0
Bahadurgarh,2022,1.0
Bahadurgarh,2023,1.0
Bahadurgarh,2024,1.0
Bahadurgarh,2025,1.0
Balasore,2023,1.0
Balasore,2024,1.0
Balasore,2025,1.0
Ballabgarh,2019,1.0
Ballabgarh,2020,1.0
Ballabgarh,2021,1.0
Ballabgarh,2022,1.0
Ballabgarh,2023,1.0
Ballabgarh,2024,1.0
Ballabgarh,2025,1.0
Banswara,2023,1.0
Banswara,2024,1.0
Banswara,2025,1.0
Baran,2023,1.0
Baran,2024,1.0
Baran,2025,1.0
Barbil,2023,1.0
Barbil,2024,1.0
Barbil,2025,1.0
Bareilly,2022,1.6403940886699508
Bareilly,2023,1.8428571428571427
Bareilly,2024,1.8236914600550964
Bareilly,2025,1.71280276816609
Baripada,2022,1.0
Baripada,2023,1.0
Baripada,2024,1.0
Baripada,2025,1.0
Barmer,2023,1.0
Barmer,2024,1.0
Barmer,2025,1.0
Barrackpore,2023,1.0
Barrackpore,2024,1.0
Barrackpore,2025,1.0
Bathinda,2018,1.0
Bathinda,2019,1.0
Bathinda,2020,1.0
Bathinda,2021,1.0
Bathinda,2022,1.0
Bathinda,2023,1.0
Bathinda,2024,1.0
Bathinda,2025,1.0
Begusarai,2022,1.0
Begusarai,2023,1.0
Begusarai,2024,1.0
Begusarai,2025,1.0
Belapur,2023,1.0
Belapur,2024,1.0
Belapur,2025,1.0
Belgaum,2022,1.0
Belgaum,2023,1.0
Belgaum,2024,1.0
Belgaum,2025,1.0
Bengaluru,2015,2.4801762114537445
Bengaluru,2016,3.061046511627907
Bengaluru,2017,3.6983240223463687
Bengaluru,2018,5.989041095890411
Bengaluru,2019,8.167123287671233
Bengaluru,2020,8.478142076502733
Bengaluru,2021,8.189041095890412
Bengaluru,2022,7.443835616438356
Bengaluru,2023,10.33972602739726
Bengaluru,2024,11.040983606557377
Bengaluru,2025,10.752475247524753
Bettiah,2021,1.0
Bettiah,2022,1.0
Bettiah,2023,1.0
Bettiah,2024,1.0
Bettiah,2025,1.0
Bhagalpur,2021,1.794871794871795
Bhagalpur,2022,1.8615819209039548
Bhagalpur,2023,1.9211267605633804
Bhagalpur,2024,1.8295454545454546
Bhagalpur,2025,1.7706093189964158
Bharatpur,2023,1.0
Bharatpur,2024,1.0
Bharatpur,2025,1.0
Bhilai,2021,1.0
Bhilai,2022,1.0526315789473684
Bhilai,2023,2.4583333333333335
Bhilai,2024,2.762295081967213
Bhilai,2025,2.6511627906976742
Bhilwara,2023,1.0
Bhilwara,2024,1.0
Bhilwara,2025,1.0
Bhiwadi,2017,1.0
Bhiwadi,2018,1.0
Bhiwadi,2019,1.0
Bhiwadi,2020,1.0
Bhiwadi,2021,1.0
Bhiwadi,2022,1.0
Bhiwadi,2023,1.0
Bhiwadi,2024,1.7119113573407203
Bhiwadi,2025,1.9169435215946844
Bhiwandi,2023,1.0
Bhiwandi,2024,1.0
Bhiwandi,2025,1.0
Bhiwani,2019,1.0
Bhiwani,2020,1.0
Bhiwani,2021,1.0
Bhiwani,2022,1.0
Bhiwani,2023,1.0
Bhiwani,2024,1.0
Bhiwani,2025,1.0
Bhopal,2019,1.0
Bhopal,2020,1.0
Bhopal,2021,1.0
Bhopal,2022,1.2865168539325842
Bhopal,2023,2.741758241758242
Bhopal,2024,2.9013698630136986
Bhopal,2025,2.8514851485148514
Bhubaneswar,2023,1.9661016949152543
Bhubaneswar,2024,1.8857938718662952
Bhubaneswar,2025,1.9421768707482994
Bidar,2021,1.0
Bidar,2022,1.0
Bidar,2023,1.0
Bidar,2024,1.0
Bidar,2025,1.0
Bihar Sharif,2021,1.0
Bihar Sharif,2022,1.0
Bihar Sharif,2023,1.0
Bihar Sharif,2024,1.0
Bihar Sharif,2025,1.0
Bikaner,2023,1.0
Bikaner,2024,1.0
Bikaner,2025,1.0
Bilaspur,2021,1.0
Bilaspur,2022,1.0
Bilaspur,2023,1.0
Bilaspur,2024,1.0
Bilaspur,2025,1.0
Bileipada,2022,1.0
Bileipada,2023,1.0
Bileipada,2024,1.0
Bileipada,2025,1.0
Boisar,2024,1.0
Boisar,2025,1.0
Brajrajnagar,2018,1.0
Brajrajnagar,2019,1.0
Brajrajnagar,2020,1.0
Brajrajnagar,2021,1.0
Brajrajnagar,2022,1.0
Brajrajnagar,2023,1.0
Brajrajnagar,2024,1.0
Brajrajnagar,2025,1.0
Bulandshahr,2018,1.0
Bulandshahr,2019,1.0
Bulandshahr,2020,1.0
Bulandshahr,2021,1.0
Bulandshahr,2022,1.0
Bulandshahr,2023,1.0
Bulandshahr,2024,1.0
Bulandshahr,2025,1.0
Bundi,2023,1.0
Bundi,2024,1.0
Bundi,2025,1.0
Buxar,2021,1.0
Buxar,2022,1.0
Buxar,2024,1.0
Buxar,2025,1.0
Byasanagar,2023,1.0
Byasanagar,2024,1.0
Byasanagar,2025,1.0
Byrnihat,2022,1.0
Byrnihat,2023,1.0
Byrnihat,2024,1.0
Byrnihat,2025,1.0
Chamarajanagar,2020,1.0
Chamarajanagar,2021,1.0
Chamarajanagar,2022,1.0
Chamarajanagar,2023,1.0
Chamarajanagar,2024,1.0
Chamarajanagar,2025,1.0
Chandigarh,2019,1.0
Chandigarh,2020,1.0
Chandigarh,2021,1.3895027624309393
Chandigarh,2022,2.7857142857142856
Chandigarh,2023,2.8876712328767122
Chandigarh,2024,2.841530054644809
Chandigarh,2025,2.6777408637873754
Chandrapur,2015,1.0
Chandrapur,2016,1.2619047619047619
Chandrapur,2017,1.7409470752089136
Chandrapur,2018,1.6933701657458564
Chandrapur,2019,1.56797583081571
Chandrapur,2020,1.6961325966850829
Chandrapur,2021,1.8457300275482094
Chandrapur,2022,1.6986301369863013
Chandrapur,2023,1.0929577464788733
Chandrapur,2024,1.2704225352112677
Chandrapur,2025,1.7966666666666666
Charkhi Dadri,2020,1.0
Charkhi Dadri,2021,1.0
Charkhi Dadri,2022,1.0
Charkhi Dadri,2023,1.0
Charkhi Dadri,2024,1.0
Charkhi Dadri,2025,1.0
Chengalpattu,2022,1.0
Chengalpattu,2023,1.0
Chengalpattu,2024,1.0
Chengalpattu,2025,1.0
Chennai,2015,2.5201793721973096
Chennai,2016,2.39672131147541
Chennai,2017,2.74792243767313
Chennai,2018,2.4392265193370166
Chennai,2019,2.7527472527472527
Chennai,2020,4.0
Chennai,2021,6.66027397260274
Chennai,2022,7.2904109589041095
Chennai,2023,6.889807162534435
Chennai,2024,6.726775956284153
Chennai,2025,6.729372937293729
Chhal,2023,1.0
Chhal,2024,1.0
Chhal,2025,1.0
Chhapra,2021,1.0
Chhapra,2022,1.0
Chhapra,2023,1.0
Chhapra,2024,1.0
Chhapra,2025,1.0
Chikkaballapur,2018,1.0
Chikkaballapur,2019,1.0
Chikkaballapur,2020,1.0
Chikkaballapur,2021,1.0
Chikkaballapur,2022,1.0
Chikkaballapur,2023,1.0
Chikkaballapur,2024,1.0
Chikkaballapur,2025,1.0
Chikkamagaluru,2020,1.0
Chikkamagaluru,2021,1.0
Chikkamagaluru,2022,1.0
Chikkamagaluru,2023,1.0
Chikkamagaluru,2024,1.0
Chikkamagaluru,2025,1.0
Chittoor,2022,1.0
Chittoor,2023,1.0
Chittoor,2024,1.0
Chittoor,2025,1.0
Chittorgarh,2023,1.0
Chittorgarh,2024,1.0
Chittorgarh,2025,1.0
Churu,2023,1.0
Churu,2024,1.0
Churu,2025,1.0
Coimbatore,2019,1.0
Coimbatore,2020,1.0
Coimbatore,2021,1.0
Coimbatore,2022,1.0518518518518518
Coimbatore,2023,1.0
Coimbatore,2024,1.3593220338983052
Coimbatore,2025,1.665551839464883
Cuddalore,2023,1.5551020408163265
Cuddalore,2024,1.5517241379310345
Cuddalore,2025,1.6102941176470589
Cuttack,2023,1.0
Cuttack,2024,1.0
Cuttack,2025,1.0
Damoh,2019,1.0
Damoh,2020,1.0
Damoh,2021,1.0
Damoh,2022,1.0
Damoh,2023,1.0
Damoh,2024,1.0
Damoh,2025,1.0
Darbhanga,2021,1.0
Darbhanga,2022,1.0
Darbhanga,2023,1.0
Dausa,2023,1.0
Dausa,2024,1.0
Dausa,2025,1.0
Davanagere,2021,1.0
Davanagere,2022,1.0
Davanagere,2023,1.0
Davanagere,2024,1.0
Davanagere,2025,1.0
Dehradun,2022,1.0
Dehradun,2023,1.0
Dehradun,2024,1.0
Dehradun,2025,1.0
Delhi,2015,4.395744680851064
Delhi,2016,5.1807909604519775
Delhi,2017,9.59228650137741
Delhi,2018,24.767123287671232
Delhi,2019,32.75068493150685
Delhi,2020,33.068306010928964
Delhi,2021,32.75342465753425
Delhi,2022,33.8027397260274
Delhi,2023,34.97808219178082
Delhi,2024,36.08469945355191
Delhi,2025,35.93399339933993
Dewas,2017,1.0
Dewas,2018,1.0
Dewas,2019,1.0
Dewas,2020,1.0
Dewas,2021,1.0
Dewas,2022,1.0
Dewas,2023,1.0
Dewas,2024,1.0
Dewas,2025,1.0
Dhanbad,2023,1.0327102803738317
Dhanbad,2024,1.323008849557522
Dhanbad,2025,1.0
Dharuhera,2019,1.0
Dharuhera,2020,1.0
Dharuhera,2021,1.0
Dharuhera,2022,1.0
Dharuhera,2023,1.0
Dharuhera,2024,1.0
Dharuhera,2025,1.0
Dharwad,2022,1.0
Dharwad,2023,1.0
Dharwad,2024,1.0
Dharwad,2025,1.0
Dholpur,2023,1.0
Dholpur,2024,1.0
Dholpur,2025,1.0
Dhule,2023,1.0
Dhule,2024,1.0
Dhule,2025,1.0
Dindigul,2022,1.0
Dindigul,2023,1.0
Dindigul,2024,1.0
Dindigul,2025,1.0
Dungarpur,2024,1.0
Dungarpur,2025,1.0
Durgapur,2016,1.0
Durgapur,2017,1.0
Durgapur,2018,1.0
Durgapur,2019,1.0
Durgapur,2020,1.0
Durgapur,2021,1.0
Durgapur,2022,1.0
Durgapur,2023,1.0
Durgapur,2024,1.9183098591549297
Durgapur,2025,2.5346534653465347
Eloor,2019,1.0
Eloor,2020,1.0
Eloor,2021,1.0
Eloor,2022,1.0
Eloor,2023,1.0
Eloor,2024,1.0
Eloor,2025,1.0
Ernakulam,2020,1.0
Ernakulam,2021,1.0
Ernakulam,2022,1.0
Faridabad,2015,0.9469026548672567
Faridabad,2016,1.0
Faridabad,2017,1.0
Faridabad,2018,1.0
Faridabad,2019,1.0
Faridabad,2020,2.4540389972144845
Faridabad,2021,3.15702479338843
Faridabad,2022,3.087912087912088
Faridabad,2023,3.409340659340659
Faridabad,2024,3.1205479452054794
Faridabad,2025,2.552
Fatehabad,2019,1.0
Fatehabad,2020,1.0
Fatehabad,2021,1.0
Fatehabad,2022,1.0
Fatehabad,2023,1.0
Fatehabad,2024,1.0
Fatehabad,2025,1.0
Firozabad,2021,1.0
Firozabad,2022,1.5971014492753624
Firozabad,2023,1.8422535211267606
Firozabad,2024,1.7647058823529411
Firozabad,2025,1.7364864864864864
Gadag,2021,1.0
Gadag,2022,1.0
Gadag,2023,1.0
Gadag,2024,1.0
Gadag,2025,1.0
Gandhinagar,2019,1.0
Gandhinagar,2020,1.0
Gandhinagar,2021,2.0233236151603498
Gandhinagar,2022,1.8928571428571428
Gandhinagar,2023,2.608815426997245
Gandhinagar,2024,2.149171270718232
Gandhinagar,2025,2.665562913907285
Gangtok,2022,1.0
Gangtok,2023,1.0
Gangtok,2024,1.0
Gangtok,2025,1.0
Gaya,2015,1.0
Gaya,2016,1.0
Gaya,2017,1.0
Gaya,2018,1.0
Gaya,2019,1.0
Gaya,2020,1.3583815028901733
Gaya,2021,1.8698060941828254
Gaya,2022,2.775623268698061
Gaya,2023,2.8547945205479452
Gaya,2024,2.7430939226519335
Gaya,2025,2.5827814569536423
Ghaziabad,2017,1.0
Ghaziabad,2018,1.0
Ghaziabad,2019,2.607142857142857
Ghaziabad,2020,3.6420765027322406
Ghaziabad,2021,3.6931506849315068
Ghaziabad,2022,3.758904109589041
Ghaziabad,2023,3.8956043956043955
Ghaziabad,2024,3.879781420765027
Ghaziabad,2025,3.768976897689769
Gorakhpur,2021,1.0
Gorakhpur,2022,1.0
Gorakhpur,2023,1.0
Gorakhpur,2024,1.0
Gorakhpur,2025,1.0
Greater Noida,2018,1.0
Greater Noida,2019,1.467032967032967
Greater Noida,2020,1.8818681318681318
Greater Noida,2021,1.7747252747252746
Greater Noida,2022,1.878787878787879
Greater Noida,2023,1.9534246575342467
Greater Noida,2024,1.9043715846994536
Greater Noida,2025,1.9701986754966887
Gummidipoondi,2021,1.0
Gummidipoondi,2022,1.0
Gummidipoondi,2023,1.0
Gummidipoondi,2024,1.0
Gummidipoondi,2025,1.0
Gurugram,2015,1.0
Gurugram,2016,1.0
Gurugram,2017,1.0
Gurugram,2018,1.021472392638037
Gurugram,2019,1.4670487106017192
Gurugram,2020,3.1420765027322406
Gurugram,2021,3.3095890410958906
Gurugram,2022,3.117808219178082
Gurugram,2023,3.591780821917808
Gurugram,2024,3.0684931506849313
Gurugram,2025,1.73992673992674
Guwahati,2019,1.0
Guwahati,2020,1.0083333333333333
Guwahati,2021,1.8543956043956045
Guwahati,2022,2.1483516483516483
Guwahati,2023,3.5083333333333333
Guwahati,2024,3.319672131147541
Guwahati,2025,3.4158415841584158
Gwalior,2020,1.2680722891566265
Gwalior,2021,1.2972222222222223
Gwalior,2022,1.3009118541033435
Gwalior,2023,3.317548746518106
Gwalior,2024,3.3551912568306013
Gwalior,2025,2.8316831683168315
Hajipur,2020,1.0
Hajipur,2021,1.0
Hajipur,2022,1.0
Hajipur,2023,1.0
Hajipur,2024,1.0
Hajipur,2025,1.0
Haldia,2015,1.0
Haldia,2016,1.0
Haldia,2017,1.0
Haldia,2018,1.0
Haldia,2019,1.0
Haldia,2020,1.0
Haldia,2021,1.0
Haldia,2022,1.0
Haldia,2023,1.0
Haldia,2024,1.0
Haldia,2025,1.0
Hanumangarh,2023,1.0
Hanumangarh,2024,1.0
Hanumangarh,2025,1.0
Hapur,2018,1.0
Hapur,2019,1.0
Hapur,2020,1.0
Hapur,2021,1.0
Hapur,2022,1.0
Hapur,2023,1.0
Hapur,2024,1.0
Hapur,2025,1.0
Hassan,2021,1.0
Hassan,2022,1.0
Hassan,2023,1.0
Hassan,2024,1.0
Hassan,2025,1.0
Haveri,2022,1.0
Haveri,2023,1.0
Haveri,2024,1.0
Haveri,2025,1.0
Hisar,2019,1.0
Hisar,2020,1.0
Hisar,2021,1.0
Hisar,2022,1.0
Hisar,2023,1.0
Hisar,2024,1.0
Hisar,2025,1.0
Hosur,2022,1.0
Hosur,2023,1.0
Hosur,2025,1.0
Howrah,2016,1.0
Howrah,2017,1.0
Howrah,2018,1.648562300319489
Howrah,2019,2.2356164383561645
Howrah,2020,2.530054644808743
Howrah,2021,2.8493150684931505
Howrah,2022,2.7945205479452055
Howrah,2023,2.824657534246575
Howrah,2024,3.5327868852459017
Howrah,2025,4.768976897689769
Hubballi,2018,1.0
Hubballi,2019,1.0
Hubballi,2020,1.0
Hubballi,2021,1.0
Hubballi,2022,1.0579268292682926
Hubballi,2023,1.7960339943342776
Hubballi,2024,1.4463276836158192
Hubballi,2025,1.1473684210526316
Hyderabad,2015,1.2887931034482758
Hyderabad,2016,1.8419540229885059
Hyderabad,2017,4.734072022160665
Hyderabad,2018,5.441095890410959
Hyderabad,2019,5.347945205479452
Hyderabad,2020,5.308743169398907
Hyderabad,2021,5.1506849315068495
Hyderabad,2022,9.520547945205479
Hyderabad,2023,11.726027397260275
Hyderabad,2024,10.628415300546449
Hyderabad,2025,11.693069306930694
Imphal,2022,1.7103174603174602
Imphal,2023,1.5555555555555556
Imphal,2024,1.4013377926421404
Imphal,2025,1.0
Indore,2019,1.0
Indore,2020,1.0
Indore,2021,1.0
Indore,2022,1.0
Indore,2023,1.3053221288515406
Indore,2024,3.612021857923497
Indore,2025,4.343234323432343
Jabalpur,2019,1.0
Jabalpur,2020,1.0
Jabalpur,2021,1.0
Jabalpur,2022,1.0
Jabalpur,2023,1.8679775280898876
Jabalpur,2024,3.5397260273972604
Jabalpur,2025,3.4356435643564356
Jaipur,2015,1.0
Jaipur,2016,1.0
Jaipur,2017,1.3079710144927537
Jaipur,2018,2.8438356164383563
Jaipur,2019,2.9123287671232876
Jaipur,2020,2.871584699453552
Jaipur,2021,2.578082191780822
Jaipur,2022,2.5945205479452054
Jaipur,2023,4.802739726027397
Jaipur,2024,5.6775956284153
Jaipur,2025,5.673267326732673
Jaisalmer,2023,1.0
Jaisalmer,2024,1.0
Jaisalmer,2025,1.0
Jalandhar,2018,1.0
Jalandhar,2019,1.0
Jalandhar,2020,1.0
Jalandhar,2021,1.0
Jalandhar,2022,1.0
Jalandhar,2023,1.0
Jalandhar,2024,1.0
Jalandhar,2025,1.0
Jalgaon,2023,1.0
Jalgaon,2024,1.0
Jalgaon,2025,1.0
Jalna,2023,1.0
Jalna,2024,1.0
Jalna,2025,1.0
Jalore,2023,1.0
Jalore,2024,1.0
Jalore,2025,1.0
Jhalawar,2023,1.0
Jhalawar,2024,1.0
Jhalawar,2025,1.0
Jhansi,2022,1.0
Jhansi,2023,1.0
Jhansi,2024,1.0
Jhansi,2025,1.0
Jharsuguda,2018,1.0
Jhunjhunu,2023,1.0
Jhunjhunu,2024,1.0
Jhunjhunu,2025,1.0
Jind,2019,1.0
Jind,2020,1.0
Jind,2021,1.0
Jind,2022,1.0
Jind,2023,1.0
Jind,2024,1.0
Jind,2025,1.0
Jodhpur,2015,1.0
Jodhpur,2016,1.0
Jodhpur,2017,1.0
Jodhpur,2018,1.0
Jodhpur,2019,1.0
Jodhpur,2020,1.0
Jodhpur,2021,1.0
Jodhpur,2022,1.0
Jodhpur,2023,3.589041095890411
Jodhpur,2024,4.844262295081967
Jodhpur,2025,4.811881188118812
Jorapokhar,2017,1.0
Jorapokhar,2018,1.0
Jorapokhar,2019,1.0
Jorapokhar,2020,1.0
Jorapokhar,2021,1.0
Jorapokhar,2022,1.0
Jorapokhar,2023,1.0
Jorapokhar,2024,1.0
Jorapokhar,2025,1.0
Kadapa,2023,1.0
Kadapa,2024,1.0
Kadapa,2025,1.0
Kaithal,2019,1.0
Kaithal,2020,1.0
Kaithal,2021,1.0
Kaithal,2022,1.0
Kaithal,2023,1.0
Kaithal,2024,1.0
Kaithal,2025,1.0
Kalaburagi,2018,1.0
Kalaburagi,2019,1.0
Kalaburagi,2020,1.0
Kalaburagi,2021,1.0
Kalaburagi,2022,1.0
Kalaburagi,2023,1.3886925795053005
Kalaburagi,2024,1.7295774647887323
Kalaburagi,2025,1.5927152317880795
Kalyan,2019,1.0
Kalyan,2020,1.0
Kalyan,2021,1.0
Kalyan,2022,1.0
Kalyan,2023,1.0
Kalyan,2024,1.1246458923512748
Kalyan,2025,1.6272401433691757
Kanchipuram,2022,1.0
Kanchipuram,2023,1.0
Kanchipuram,2024,1.0
Kanchipuram,2025,1.0
Kannur,2020,1.0
Kannur,2021,1.0
Kannur,2022,1.0
Kannur,2023,1.0
Kannur,2024,1.0
Kannur,2025,1.0
Kanpur,2015,0.9393939393939394
Kanpur,2016,1.0
Kanpur,2017,1.0
Kanpur,2018,1.0
Kanpur,2019,1.0
Kanpur,2020,1.0389972144846797
Kanpur,2021,2.56986301369863
Kanpur,2022,3.241095890410959
Kanpur,2023,3.164383561643836
Kanpur,2024,2.866120218579235
Kanpur,2025,2.903973509933775
Karauli,2023,1.0
Karauli,2024,1.0
Karauli,2025,1.0
Karnal,2019,1.0
Karnal,2020,1.0
Karnal,2021,1.0
Karnal,2022,1.0
Karnal,2023,1.0
Karnal,2024,1.0
Karnal,2025,1.0
Karur,2024,1.0
Karur,2025,1.0
Karwar,2023,1.0
Karwar,2024,1.0
Karwar,2025,1.0
Kashipur,2023,1.0
Kashipur,2024,1.0
Kashipur,2025,1.0
Katihar,2021,1.0
Katihar,2022,1.0
Katihar,2023,1.0
Katihar,2024,1.0
Katihar,2025,1.0
Katni,2019,1.0
Katni,2020,1.0
Katni,2021,1.0
Katni,2022,1.0
Katni,2023,1.0
Katni,2024,1.0
Katni,2025,1.0
Keonjhar,2022,1.0
Keonjhar,2023,1.0
Keonjhar,2024,1.0
Keonjhar,2025,1.0
Khanna,2018,1.0
Khanna,2019,1.0
Khanna,2020,1.0
Khanna,2021,1.0
Khanna,2022,1.0
Khanna,2023,1.0
Khanna,2024,1.0
Khanna,2025,1.0
Khurja,2022,1.0
Khurja,2023,1.0
Khurja,2024,1.0
Khurja,2025,1.0
Kishanganj,2021,1.0
Kishanganj,2022,1.0
Kishanganj,2023,1.0
Kishanganj,2024,1.0
Kishanganj,2025,1.0
Kochi,2020,1.0
Kochi,2021,1.0
Kochi,2022,1.0
Kochi,2023,1.0
Kochi,2024,1.0
Kohima,2020,1.0
Kohima,2021,1.0
Kohima,2022,1.0
Kohima,2023,1.0
Kohima,2024,1.0
Kohima,2025,1.0
Kolar,2021,1.0
Kolar,2022,1.0
Kolar,2023,1.0
Kolar,2024,1.0
Kolar,2025,1.0
Kolhapur,2023,1.85
Kolhapur,2024,1.793956043956044
Kolhapur,2025,1.7857142857142858
Kolkata,2016,1.267515923566879
Kolkata,2017,1.542857142857143
Kolkata,2018,1.2088353413654618
Kolkata,2019,3.633608815426997
Kolkata,2020,6.1256830601092895
Kolkata,2021,6.405479452054794
Kolkata,2022,6.597260273972603
Kolkata,2023,6.813698630136987
Kolkata,2024,6.775956284153006
Kolkata,2025,6.3003300330033
Kollam,2020,1.0
Kollam,2021,1.0
Kollam,2022,1.0
Kollam,2023,1.0
Kollam,2024,1.0
Kollam,2025,1.0
Koppal,2020,1.0
Koppal,2021,1.0
Koppal,2022,1.0
Koppal,2023,1.0
Koppal,2024,1.0
Koppal,2025,1.0
Korba,2022,1.6666666666666667
Korba,2023,1.8403361344537814
Korba,2024,1.7077363896848137
Korba,2025,1.7040816326530612
Kota,2017,1.0
Kota,2018,1.0
Kota,2019,1.0
Kota,2020,1.0
Kota,2021,1.0
Kota,2022,1.0
Kota,2023,2.769230769230769
Kota,2024,2.8961748633879782
Kota,2025,2.910891089108911
Kozhikode,2020,1.0
Kozhikode,2021,1.0
Kozhikode,2022,1.0
Kozhikode,2023,1.0
Kunjemura,2023,1.0
Kunjemura,2024,1.0
Kunjemura,2025,1.0
Kurukshetra,2019,1.0
Kurukshetra,2020,1.0
Kurukshetra,2021,1.0
Kurukshetra,2022,1.0
Kurukshetra,2023,1.0
Kurukshetra,2024,1.0
Kurukshetra,2025,1.0
Latur,2023,1.0
Latur,2024,1.0
Latur,2025,1.0
Loni_Dehat,2019,1.0
Loni_Ghaziabad,2019,1.0
Lucknow,2015,2.3073170731707315
Lucknow,2016,2.466887417218543
Lucknow,2017,2.7346368715083798
Lucknow,2018,3.73972602739726
Lucknow,2019,3.706849315068493
Lucknow,2020,3.8333333333333335
Lucknow,2021,4.873972602739726
Lucknow,2022,5.8191780821917805
Lucknow,2023,5.832876712328767
Lucknow,2024,5.743169398907104
Lucknow,2025,5.732673267326732
Ludhiana,2017,1.0
Ludhiana,2018,1.0
Ludhiana,2019,1.0
Ludhiana,2020,1.0
Ludhiana,2021,1.0
Ludhiana,2022,1.0
Ludhiana,2023,1.0
Ludhiana,2024,1.0
Ludhiana,2025,1.0
Madikeri,2020,1.0
Madikeri,2021,1.0
Madikeri,2022,1.0
Madikeri,2023,1.0
Madikeri,2024,1.0
Madikeri,2025,1.0
Madurai,2024,1.0
Madurai,2025,1.0
Mahad,2023,1.0
Mahad,2024,1.0
Mahad,2025,1.0
Maihar,2019,1.0
Maihar,2020,1.0
Maihar,2021,1.0
Maihar,2022,1.0
Maihar,2023,1.0
Maihar,2024,1.0
Maihar,2025,1.0
Malegaon,2024,1.0
Malegaon,2025,1.0
Mandi Gobindgarh,2017,1.0
Mandi Gobindgarh,2018,1.0
Mandi Gobindgarh,2019,1.0
Mandi Gobindgarh,2020,1.0
Mandi Gobindgarh,2021,1.0
Mandi Gobindgarh,2022,1.0
Mandi Gobindgarh,2023,1.0
Mandi Gobindgarh,2024,1.0
Mandi Gobindgarh,2025,1.0
Mandideep,2018,1.0
Mandideep,2019,1.0
Mandideep,2020,1.0
Mandideep,2021,1.0
Mandideep,2022,1.0
Mandideep,2023,1.0
Mandideep,2024,1.0
Mandideep,2025,1.0
Mandikhera,2019,1.0
Mandikhera,2020,1.0
Mandikhera,2021,1.0
Mandikhera,2022,1.0
Mandikhera,2023,1.0
Mandikhera,2024,1.0
Mandikhera,2025,1.0
Manesar,2018,1.0
Manesar,2019,1.0
Manesar,2020,1.0
Manesar,2021,1.0
Manesar,2022,1.0
Manesar,2023,1.0
Manesar,2024,1.0
Manesar,2025,1.0
Mangalore,2021,1.0
Mangalore,2022,1.0
Mangalore,2023,1.0
Mangalore,2024,1.0
Mangalore,2025,1.0
Manguraha,2022,1.0
Manguraha,2023,1.0
Manguraha,2024,1.0
Manguraha,2025,1.0
Meerut,2019,2.46875
Meerut,2020,2.327823691460055
Meerut,2021,2.495890410958904
Meerut,2022,2.8264462809917354
Meerut,2023,2.8236914600550964
Meerut,2024,2.8579234972677594
Meerut,2025,2.745874587458746
Milupara,2023,1.0
Milupara,2024,1.0
Milupara,2025,1.0
Mira-Bhayandar,2024,1.0
Mira-Bhayandar,2025,1.0
Moradabad,2017,1.0
Moradabad,2018,1.0
Moradabad,2019,1.0
Moradabad,2020,1.0
Moradabad,2021,1.2019867549668874
Moradabad,2022,4.706849315068493
Moradabad,2023,5.802739726027397
Moradabad,2024,5.743169398907104
Moradabad,2025,5.5016501650165015
Motihari,2021,1.0
Motihari,2022,1.0
Motihari,2023,1.0
Motihari,2024,1.0
Motihari,2025,1.0
Mumbai,2015,1.0
Mumbai,2016,1.0
Mumbai,2017,1.0
Mumbai,2018,1.0
Mumbai,2019,5.2292817679558015
Mumbai,2020,9.131147540983607
Mumbai,2021,17.813698630136987
Mumbai,2022,15.934246575342465
Mumbai,2023,19.494505494505493
Mumbai,2024,23.243169398907103
Mumbai,2025,23.557755775577558
Munger,2021,1.0
Munger,2022,1.0
Munger,2023,1.0
Munger,2024,1.0
Munger,2025,1.0
Muzaffarnagar,2018,1.0
Muzaffarnagar,2019,1.0
Muzaffarnagar,2020,1.0
Muzaffarnagar,2021,1.0
Muzaffarnagar,2022,1.0
Muzaffarnagar,2023,1.0
Muzaffarnagar,2024,1.0
Muzaffarnagar,2025,1.0
Muzaffarpur,2015,1.0
Muzaffarpur,2016,1.0
Muzaffarpur,2017,1.0
Muzaffarpur,2018,1.0
Muzaffarpur,2019,1.0
Muzaffarpur,2020,1.335243553008596
Muzaffarpur,2021,1.847457627118644
Muzaffarpur,2022,2.556786703601108
Muzaffarpur,2023,2.819178082191781
Muzaffarpur,2024,2.5273224043715845
Muzaffarpur,2025,2.537953795379538
Mysuru,2019,1.0
Mysuru,2020,1.0
Mysuru,2021,1.0
Mysuru,2022,1.0
Mysuru,2023,1.0
Mysuru,2024,1.0
Mysuru,2025,1.0
Nagaon,2023,1.0
Nagaon,2024,1.0
Nagaon,2025,1.0
Nagapattinam,2024,1.0
Nagapattinam,2025,1.0
Nagaur,2023,1.0
Nagaur,2024,1.0
Nagaur,2025,1.0
Nagpur,2016,1.0
Nagpur,2017,1.0
Nagpur,2018,1.0
Nagpur,2019,1.0
Nagpur,2020,1.0
Nagpur,2021,1.0
Nagpur,2022,1.0
Nagpur,2023,2.591160220994475
Nagpur,2024,3.6420765027322406
Nagpur,2025,3.900990099009901
Naharlagun,2021,1.0
Naharlagun,2022,1.0
Naharlagun,2023,1.0
Naharlagun,2024,1.0
Naharlagun,2025,1.0
Nalbari,2022,1.0
Nalbari,2023,1.0
Nalbari,2024,1.0
Nalbari,2025,1.0
Namakkal,2025,1.0
Nanded,2023,1.0
Nanded,2024,1.0
Nanded,2025,1.0
Nandesari,2020,1.0
Nandesari,2021,1.0
Nandesari,2022,1.0
Nandesari,2023,1.0
Nandesari,2024,1.0
Nandesari,2025,1.0
Narnaul,2019,1.0
Narnaul,2020,1.0
Narnaul,2021,1.0
Narnaul,2022,1.0
Narnaul,2023,1.0
Narnaul,2024,1.0
Narnaul,2025,1.0
Nashik,2016,1.0
Nashik,2017,1.0
Nashik,2018,1.0
Nashik,2019,1.0
Nashik,2020,1.0
Nashik,2021,1.0
Nashik,2022,1.0
Nashik,2023,2.566860465116279
Nashik,2024,3.7240437158469946
Nashik,2025,3.7656765676567656
Navi Mumbai,2015,0.947136563876652
Navi Mumbai,2016,1.0
Navi Mumbai,2017,1.0
Navi Mumbai,2018,1.0
Navi Mumbai,2019,1.9111747851002865
Navi Mumbai,2020,1.9181286549707601
Navi Mumbai,2021,2.5350140056022408
Navi Mumbai,2022,2.4138888888888888
Navi Mumbai,2023,4.18732782369146
Navi Mumbai,2024,6.095628415300546
Navi Mumbai,2025,4.924092409240924
Nayagarh,2022,1.0
Nayagarh,2023,1.0
Nayagarh,2024,1.0
Nayagarh,2025,1.0
Noida,2017,1.3590909090909091
Noida,2018,1.7541436464088398
Noida,2019,2.789041095890411
Noida,2020,3.5628415300546448
Noida,2021,3.337912087912088
Noida,2022,3.6575342465753424
Noida,2023,3.8049450549450547
Noida,2024,3.7295081967213113
Noida,2025,3.636963696369637
Ooty,2022,1.0
Ooty,2023,1.0
Ooty,2024,1.0
Ooty,2025,1.0
Pali,2017,1.0
Pali,2018,1.0
Pali,2019,1.0
Pali,2020,1.0
Pali,2021,1.0
Pali,2022,1.0
Pali,2023,1.0
Pali,2024,1.0
Pali,2025,1.0
Palkalaiperur,2023,1.0
Palkalaiperur,2024,1.0
Palkalaiperur,2025,1.0
Palwal,2019,1.0
Palwal,2020,1.0
Palwal,2021,1.0
Palwal,2022,1.0
Palwal,2023,1.0
Palwal,2024,1.0
Palwal,2025,1.0
Panchgaon,2025,1.0
Panchkula,2015,1.0
Panchkula,2016,1.0
Panchkula,2017,1.0
Panchkula,2018,1.0
Panchkula,2019,1.0
Panchkula,2020,1.0
Panchkula,2021,1.0
Panchkula,2022,1.0
Panchkula,2023,1.0
Panchkula,2024,1.0
Panchkula,2025,1.0
Panipat,2019,1.0
Panipat,2020,1.0
Panipat,2021,1.0
Panipat,2022,1.0
Panipat,2023,1.0
Panipat,2024,1.0
Panipat,2025,1.0
Parbhani,2023,1.0
Parbhani,2024,1.0
Parbhani,2025,1.0
Pathardih,2024,1.0
Patiala,2018,1.0
Patiala,2019,1.0
Patiala,2020,1.0
Patiala,2021,1.0
Patiala,2022,1.0
Patiala,2023,1.0
Patiala,2024,1.0
Patiala,2025,1.0
Patna,2015,1.0
Patna,2016,1.0
Patna,2017,1.0
Patna,2018,1.0
Patna,2019,1.0553846153846154
Patna,2020,4.674863387978142
Patna,2021,5.010989010989011
Patna,2022,5.698630136986301
Patna,2023,5.791780821917809
Patna,2024,5.560109289617486
Patna,2025,5.207920792079208
Perundurai,2025,1.0
Pimpri-Chinchwad,2023,2.5240963855421685
Pimpri-Chinchwad,2024,3.0751633986928106
Pimpri-Chinchwad,2025,3.603960396039604
Pithampur,2017,1.0
Pithampur,2018,1.0
Pithampur,2019,1.0
Pithampur,2020,1.0
Pithampur,2021,1.0
Pithampur,2022,1.0
Pithampur,2023,1.0
Pithampur,2024,1.0
Pithampur,2025,1.0
Pratapgarh,2023,1.0
Pratapgarh,2024,1.0
Pratapgarh,2025,1.0
Prayagraj,2021,2.588516746411483
Prayagraj,2022,2.730769230769231
Prayagraj,2023,2.931129476584022
Prayagraj,2024,2.8328767123287673
Prayagraj,2025,2.8844884488448845
Puducherry,2021,1.0
Puducherry,2022,1.0
Puducherry,2023,1.0
Puducherry,2024,1.0
Puducherry,2025,1.0
Pudukottai,2024,1.0
Pudukottai,2025,1.0
Pune,2015,1.0
Pune,2016,1.0
Pune,2017,1.0
Pune,2018,1.0
Pune,2019,1.0
Pune,2020,1.3690851735015772
Pune,2021,4.964383561643835
Pune,2022,3.9863636363636363
Pune,2023,4.997109826589595
Pune,2024,7.3224043715847
Pune,2025,7.782178217821782
Purnia,2021,1.0
Purnia,2022,1.0
Purnia,2023,1.0
Purnia,2024,1.0
Purnia,2025,1.0
Raichur,2020,1.0
Raichur,2021,1.0
Raichur,2022,1.0
Raichur,2023,1.0
Raichur,2024,1.0
Raichur,2025,1.0
Raipur,2022,3.0
Raipur,2023,3.683333333333333
Raipur,2024,3.536986301369863
Raipur,2025,3.4125412541254128
Rairangpur,2022,1.0
Rairangpur,2023,1.0
Rairangpur,2024,1.0
Rairangpur,2025,1.0
Rajamahendravaram,2017,1.0
Rajamahendravaram,2018,1.0
Rajamahendravaram,2019,1.0
Rajamahendravaram,2020,1.0
Rajamahendravaram,2021,1.0
Rajamahendravaram,2022,1.0
Rajamahendravaram,2023,1.0
Rajamahendravaram,2024,1.0
Rajamahendravaram,2025,1.0
Rajgir,2021,1.0
Rajgir,2022,1.0
Rajgir,2023,1.0
Rajgir,2024,1.0
Rajgir,2025,1.0
Rajsamand,2023,1.0
Rajsamand,2024,1.0
Rajsamand,2025,1.0
Ramanagara,2019,1.0
Ramanagara,2020,1.0
Ramanagara,2021,1.0
Ramanagara,2022,1.0
Ramanagara,2023,1.0
Ramanagara,2024,1.0
Ramanagara,2025,1.0
Ramanathapuram,2022,1.0
Ramanathapuram,2023,1.0
Ramanathapuram,2024,1.0
Ramanathapuram,2025,1.0
Ranipet,2024,1.0
Ranipet,2025,1.0
Ratlam,2019,1.0
Ratlam,2020,1.0
Ratlam,2021,1.0
Ratlam,2022,1.0
Ratlam,2023,1.0
Ratlam,2024,1.0
Ratlam,2025,1.0
Rishikesh,2023,1.0
Rishikesh,2024,1.0
Rishikesh,2025,1.0
Rohtak,2016,1.0
Rohtak,2017,1.0
Rohtak,2018,1.0
Rohtak,2019,1.0
Rohtak,2020,1.0
Rohtak,2021,1.0
Rohtak,2022,1.0
Rohtak,2023,1.0
Rohtak,2024,1.0
Rohtak,2025,1.0
Rourkela,2022,1.0
Rourkela,2023,2.282122905027933
Rourkela,2024,2.3983516483516483
Rourkela,2025,2.0707070707070705
Rupnagar,2018,1.0
Rupnagar,2019,1.0
Rupnagar,2020,1.0
Rupnagar,2021,1.0
Rupnagar,2022,1.0
Rupnagar,2023,1.0
Rupnagar,2024,1.0
Rupnagar,2025,1.0
Sagar,2020,1.0
Sagar,2021,1.0
Sagar,2022,1.1901639344262296
Sagar,2023,1.4357541899441342
Sagar,2024,1.8934426229508197
Sagar,2025,1.67003367003367
Saharsa,2021,1.0
Saharsa,2022,1.0
Saharsa,2023,1.0
Saharsa,2024,1.0
Saharsa,2025,1.0
Salem,2022,1.0
Salem,2023,1.0
Salem,2024,1.0
Salem,2025,1.0
Samastipur,2022,1.0
Samastipur,2023,1.0
Samastipur,2024,1.0
Samastipur,2025,1.0
Sangli,2023,1.0
Sangli,2024,1.0
Sangli,2025,1.0
Sasaram,2021,1.0
Sasaram,2022,1.0
Sasaram,2023,1.0
Sasaram,2024,1.0
Sasaram,2025,1.0
Satna,2018,1.0
Satna,2019,1.0
Satna,2020,1.0
Satna,2021,1.0
Satna,2022,1.0
Satna,2023,1.0
Satna,2024,1.0
Satna,2025,1.0
Sawai Madhopur,2023,1.0
Sawai Madhopur,2024,1.0
Sawai Madhopur,2025,1.0
Shillong,2019,1.0
Shillong,2020,1.0
Shillong,2021,1.0
Shillong,2022,1.2952380952380953
Shillong,2023,1.3276353276353277
Shillong,2024,1.0923076923076922
Shillong,2025,1.2112068965517242
Shivamogga,2020,1.0
Shivamogga,2021,1.0
Shivamogga,2022,1.0
Shivamogga,2023,1.0
Shivamogga,2024,1.0
Shivamogga,2025,1.0
Sikar,2023,1.0
Sikar,2024,1.0
Sikar,2025,1.0
Silchar,2023,1.0
Silchar,2024,1.0
Silchar,2025,1.0
Siliguri,2018,1.0
Siliguri,2019,1.0
Siliguri,2020,1.0
Siliguri,2021,1.0
Siliguri,2022,1.0
Siliguri,2023,1.0
Siliguri,2024,1.0
Siliguri,2025,1.0
Singrauli,2017,1.0
Singrauli,2018,1.0
Singrauli,2019,1.0
Singrauli,2020,1.0
Singrauli,2021,1.0
Singrauli,2022,1.0
Singrauli,2023,1.0
Singrauli,2024,1.0
Singrauli,2025,1.0
Sirohi,2023,1.0
Sirohi,2024,1.0
Sirohi,2025,1.0
Sirsa,2019,1.0
Sirsa,2020,1.0
Sirsa,2021,1.0
Sirsa,2022,1.0
Sirsa,2023,1.0
Sirsa,2024,1.0
Sirsa,2025,1.0
Sivasagar,2022,1.0
Sivasagar,2023,1.0
Sivasagar,2024,1.0
Sivasagar,2025,1.0
Siwan,2021,1.0
Siwan,2022,1.0
Siwan,2023,1.0
Siwan,2024,1.0
Siwan,2025,1.0
Solapur,2016,1.0
Solapur,2017,1.0
Solapur,2018,1.0
Solapur,2019,1.0
Solapur,2020,1.0
Solapur,2021,1.0
Solapur,2022,1.0
Solapur,2023,2.2005813953488373
Solapur,2024,2.759562841530055
Solapur,2025,2.37123745819398
Sonipat,2019,1.0
Sonipat,2020,1.0
Sonipat,2021,1.0
Sonipat,2022,1.0
Sonipat,2023,1.0
Sonipat,2024,1.0
Sonipat,2025,1.0
Sri Ganganagar,2023,1.0
Sri Ganganagar,2024,1.0
Sri Ganganagar,2025,1.0
Sri Vijaya Puram,2025,1.0
Srinagar,2021,1.0
Srinagar,2022,1.0
Srinagar,2023,1.0
Suakati,2022,1.0
Suakati,2023,1.0
Suakati,2024,1.0
Suakati,2025,1.0
Surat,2022,1.0
Surat,2023,1.0
Surat,2024,1.0
Surat,2025,1.0
Talcher,2018,1.0
Talcher,2019,1.0
Talcher,2020,1.0
Talcher,2021,1.0
Talcher,2022,1.0
Talcher,2023,1.0
Talcher,2024,1.0
Talcher,2025,1.0
Tensa,2022,1.0
Tensa,2023,1.0
Tensa,2024,1.0
Tensa,2025,1.0
Thane,2016,1.0
Thane,2017,1.0
Thane,2018,1.0
Thane,2019,1.0
Thane,2020,1.0
Thane,2021,1.0
Thane,2022,1.0
Thane,2023,1.6385964912280702
Thane,2024,2.5737704918032787
Thane,2025,1.9240924092409242
Thanjavur,2024,1.0
Thanjavur,2025,1.0
Thiruvananthapuram,2017,1.0
Thiruvananthapuram,2018,1.0
Thiruvananthapuram,2019,1.0
Thiruvananthapuram,2020,1.6181318681318682
Thiruvananthapuram,2021,1.8176795580110496
Thiruvananthapuram,2022,1.7458563535911602
Thiruvananthapuram,2023,1.8033240997229918
Thiruvananthapuram,2024,1.906849315068493
Thiruvananthapuram,2025,1.8217821782178218
Thoothukudi,2020,1.0
Thoothukudi,2021,1.0
Thoothukudi,2022,1.0
Thoothukudi,2023,1.0
Thoothukudi,2024,1.0
Thoothukudi,2025,1.0
Thrissur,2020,1.0
Thrissur,2021,1.0
Thrissur,2022,1.0
Thrissur,2023,1.0
Thrissur,2024,1.0
Thrissur,2025,1.0
Tiruchirappalli,2023,1.0
Tiruchirappalli,2024,1.0
Tiruchirappalli,2025,1.0
Tirumala,2025,1.0
Tirunelveli,2024,1.0
Tirunelveli,2025,1.0
Tirupati,2016,1.0
Tirupati,2017,1.0
Tirupati,2018,1.0
Tirupati,2019,1.0
Tirupati,2020,1.0
Tirupati,2021,1.0
Tirupati,2022,1.1124620060790273
Tirupati,2023,1.7443181818181819
Tirupati,2024,1.5977961432506886
Tirupati,2025,1.0476190476190477
Tirupur,2022,1.0
Tirupur,2023,1.0
Tirupur,2024,1.0
Tirupur,2025,1.0
Tonk,2023,1.0
Tonk,2024,1.0
Tonk,2025,1.0
Tumakuru,2023,1.0
Tumakuru,2024,1.0
Tumakuru,2025,1.0
Tumidih,2023,1.0
Tumidih,2024,1.0
Tumidih,2025,1.0
Udaipur,2017,1.0
Udaipur,2018,1.0
Udaipur,2019,1.0
Udaipur,2020,1.0
Udaipur,2021,1.0
Udaipur,2022,1.0
Udaipur,2023,1.0
Udaipur,2024,1.0
Udaipur,2025,1.0
Udupi,2021,1.0
Udupi,2022,1.0
Udupi,2023,1.0
Udupi,2024,1.0
Udupi,2025,1.0
Ujjain,2017,1.0
Ujjain,2018,1.0
Ujjain,2019,1.0
Ujjain,2020,1.0
Ujjain,2021,1.0
Ujjain,2022,1.0
Ujjain,2023,1.0
Ujjain,2024,1.0
Ujjain,2025,1.0
Ulhasnagar,2023,1.0
Ulhasnagar,2024,1.0
Ulhasnagar,2025,1.0
Vapi,2019,1.0
Vapi,2020,1.0
Vapi,2021,1.0
Vapi,2022,1.0
Vapi,2023,1.0
Vapi,2024,1.0
Vapi,2025,1.0
Varanasi,2015,0.9476190476190476
Varanasi,2016,1.0
Varanasi,2017,1.0
Varanasi,2018,1.0
Varanasi,2019,1.0
Varanasi,2020,1.0
Varanasi,2021,2.4608938547486034
Varanasi,2022,3.76986301369863
Varanasi,2023,3.8904109589041096
Varanasi,2024,3.808743169398907
Varanasi,2025,3.8481848184818483
Vatva,2019,1.0
Vatva,2020,1.0
Vatva,2021,1.0
Vatva,2022,1.0
Vatva,2023,1.0
Vatva,2024,1.0
Vatva,2025,1.0
Vellore,2022,1.0
Vellore,2023,1.0
Vellore,2024,1.0
Vellore,2025,1.0
Vijayapura,2020,1.0
Vijayapura,2021,1.0
Vijayapura,2022,1.0
Vijayapura,2023,1.0
Vijayapura,2024,1.0
Vijayapura,2025,1.0
Vijayawada,2017,1.0
Vijayawada,2018,1.0
Vijayawada,2019,1.0
Vijayawada,2023,1.7298387096774193
Vijayawada,2024,3.3496932515337425
Vijayawada,2025,3.1538461538461537
Virar,2024,1.0
Virar,2025,1.0
Virudhunagar,2024,1.0
Virudhunagar,2025,1.0
Visakhapatnam,2016,1.0
Visakhapatnam,2017,1.477142857142857
Visakhapatnam,2018,1.0
Visakhapatnam,2019,1.0
Visakhapatnam,2020,1.0
Visakhapatnam,2021,1.0
Visakhapatnam,2022,1.0
Visakhapatnam,2023,1.0
Visakhapatnam,2024,1.0
Visakhapatnam,2025,1.0
Vrindavan,2021,1.0
Vrindavan,2022,1.0
Vrindavan,2023,1.0
Vrindavan,2024,1.0
Vrindavan,2025,1.0
Yadgir,2019,1.0
Yadgir,2020,1.0
Yadgir,2021,1.0
Yadgir,2022,1.0
Yadgir,2023,1.0
Yadgir,2024,1.0
Yadgir,2025,1.0
Yamunanagar,2019,1.0
Yamunanagar,2020,1.0
Yamunanagar,2021,1.0
Yamunanagar,2022,1.0
Yamunanagar,2023,1.0
Yamunanagar,2024,1.0
Yamunanagar,2025,1.0
